{
 "punch": {
  "eps": 19.833361908859647,
  "O3": [
   140.0,
   457.03883642091944
  ],
  "R3p": 140.0,
  "R3": 70.0,
  "L2": 75.0,
  "Lp": 130.0,
  "L1": 423.9301586907018,
  "O2": [
   100.0,
   35.0
  ],
  "LB": 150.0,
  "Lr": 85.0,
  "rr": 12.0,
  "lam0": -9.023568350840208,
  "psi_max": 18.217622120522325,
  "mu0": -130.30438177239608,
  "r0": 54.0,
  "arm_angle": 121.28081342155588,
  "rpitch": [
   54.000000000000036,
   80.89786803125713
  ],
  "rprof": [
   42.000000000000036,
   68.89786813948349
  ],
  "a_work": 29.878451437774764,
  "a_ret": 44.04252596895117,
  "fill": {
   "B": [
    248.14358626761395,
    11.473890084205934
   ],
   "C": [
    8.304328089340771,
    504.53883642091944
   ],
   "D": [
    205.84783595532963,
    433.28883642091944
   ],
   "E": [
    0.0,
    430.0
   ],
   "P": [
    45.017911184377404,
    -29.82260338393536
   ]
  },
  "press": {
   "B": [
    248.0729278650999,
    58.96681108234725
   ],
   "C": [
    8.304328089340828,
    409.5388364209193
   ],
   "D": [
    205.84783595532957,
    480.7888364209195
   ],
   "E": [
    0.0,
    334.9999999999999
   ],
   "P": [
    68.03913778088366,
    -43.762321488200584
   ]
  },
  "tip_hi": 300.0,
  "tip_lo": 205.0,
  "TA": {
   "B": 75.2504730564444,
   "D": 64.44067949842498,
   "C": 6.357074258958636
  }
 },
 "sieve": {
  "O2s": [
   -100.0,
   -45.0
  ],
  "Rb": 110.0,
  "Lr": 50.0,
  "rr": 10.0,
  "Ls": 211.71266893347988,
  "psi": 21.13207968967954,
  "lam_left": 110.56603984483976,
  "lam_fill": 89.43396015516024,
  "mu0": -19.198964733051806,
  "r0": 81.0,
  "arm_angle": 129.76500457789157,
  "rpitch": [
   80.99999999999999,
   99.06682311803394
  ],
  "rprof": [
   70.99999999999999,
   89.0668231695245
  ],
  "a_push": 20.82539218703944,
  "a_ret": 36.947223568972795,
  "fill": {
   "B": [
    -98.91329918826484,
    64.9946320569589
   ],
   "C": [
    42.00000000000004,
    223.0
   ],
   "P": [
    -61.884111532842866,
    -77.36014595701383
   ]
  },
  "left": {
   "B": [
    -138.64154455496484,
    57.98947050260365
   ],
   "C": [
    -6.0000000000021885,
    223.0
   ],
   "P": [
    -52.78088438427307,
    -61.44247914605985
   ]
  },
  "gB": 41.16137025980957,
  "gC": 51.20639641887638
 }
}